<?xml version="1.0" encoding="UTF-8"?>
<metadata xml:lang="en"><Esri><CreaDate>20230806</CreaDate><CreaTime>15511100</CreaTime><ArcGISFormat>1.0</ArcGISFormat><SyncOnce>FALSE</SyncOnce><DataProperties><itemProps><itemName Sync="TRUE">HRI2020</itemName><imsContentType Sync="TRUE">002</imsContentType><itemLocation><linkage Sync="TRUE">file://\\DESKTOP-KQ51PRK\C$\Users\bcmit\Documents\NCRC\HOLC\2000 Boundaries\DATA\ICPSR_REDO\HRI2020.shp</linkage><protocol Sync="TRUE">Local Area Network</protocol></itemLocation><itemSize Sync="TRUE">0.000</itemSize></itemProps><coordRef><type Sync="TRUE">Geographic</type><geogcsn Sync="TRUE">GCS_North_American_1983</geogcsn><csUnits Sync="TRUE">Angular Unit: Degree (0.017453)</csUnits><peXml Sync="TRUE">&lt;GeographicCoordinateSystem xsi:type='typens:GeographicCoordinateSystem' xmlns:xsi='http://www.w3.org/2001/XMLSchema-instance' xmlns:xs='http://www.w3.org/2001/XMLSchema' xmlns:typens='http://www.esri.com/schemas/ArcGIS/10.8'&gt;&lt;WKT&gt;GEOGCS[&amp;quot;GCS_North_American_1983&amp;quot;,DATUM[&amp;quot;D_North_American_1983&amp;quot;,SPHEROID[&amp;quot;GRS_1980&amp;quot;,6378137.0,298.257222101]],PRIMEM[&amp;quot;Greenwich&amp;quot;,0.0],UNIT[&amp;quot;Degree&amp;quot;,0.0174532925199433],AUTHORITY[&amp;quot;EPSG&amp;quot;,4269]]&lt;/WKT&gt;&lt;XOrigin&gt;-400&lt;/XOrigin&gt;&lt;YOrigin&gt;-400&lt;/YOrigin&gt;&lt;XYScale&gt;11258999068426.238&lt;/XYScale&gt;&lt;ZOrigin&gt;-100000&lt;/ZOrigin&gt;&lt;ZScale&gt;10000&lt;/ZScale&gt;&lt;MOrigin&gt;-100000&lt;/MOrigin&gt;&lt;MScale&gt;10000&lt;/MScale&gt;&lt;XYTolerance&gt;8.983152841195215e-09&lt;/XYTolerance&gt;&lt;ZTolerance&gt;0.001&lt;/ZTolerance&gt;&lt;MTolerance&gt;0.001&lt;/MTolerance&gt;&lt;HighPrecision&gt;true&lt;/HighPrecision&gt;&lt;LeftLongitude&gt;-180&lt;/LeftLongitude&gt;&lt;WKID&gt;4269&lt;/WKID&gt;&lt;LatestWKID&gt;4269&lt;/LatestWKID&gt;&lt;/GeographicCoordinateSystem&gt;</peXml></coordRef><lineage><Process ToolSource="c:\program files (x86)\arcgis\desktop10.8\ArcToolbox\Toolboxes\Conversion Tools.tbx\FeatureClassToFeatureClass" Date="20230806" Time="151155">FeatureClassToFeatureClass HRS2020B "C:\Users\bcmit\Documents\NCRC\HOLC\2000 Boundaries\New File Geodatabase.gdb" HRI2020 # "OBJECTID_1 "OBJECTID_1" true true false 10 Long 0 10 ,First,#,HRS2020B,OBJECTID_1,-1,-1;OBJECTID "OBJECTID" true true false 10 Long 0 10 ,First,#,HRS2020B,OBJECTID,-1,-1;GEOID20 "GEOID20" true true false 12 Text 0 0 ,First,#,HRS2020B,GEOID20,-1,-1;ALAND20 "ALAND20" true true false 19 Double 0 0 ,First,#,HRS2020B,ALAND20,-1,-1;AWATER20 "AWATER20" true true false 19 Double 0 0 ,First,#,HRS2020B,AWATER20,-1,-1;INTPTLAT20 "INTPTLAT20" true true false 11 Text 0 0 ,First,#,HRS2020B,INTPTLAT20,-1,-1;INTPTLON20 "INTPTLON20" true true false 12 Text 0 0 ,First,#,HRS2020B,INTPTLON20,-1,-1;CBSA10 "CBSA10" true true false 19 Double 0 0 ,First,#,HRS2020B,CBSA10,-1,-1;METRO_NAME "METRO_NAME" true true false 254 Text 0 0 ,First,#,HRS2020B,METRO_NAME,-1,-1;HRS2020 "HRS2020" true true false 19 Double 0 0 ,First,#,HRS2020B,HRS2020,-1,-1;RHRS20 "RHRS20" true true false 19 Double 0 0 ,First,#,HRS2020B,RHRS20,-1,-1;Shape_Leng "Shape_Leng" true true false 19 Double 0 0 ,First,#,HRS2020B,Shape_Leng,-1,-1;Shape_Area "Shape_Area" true true false 19 Double 0 0 ,First,#,HRS2020B,Shape_Area,-1,-1;EQINTER20 "EQINTER20" true true false 5 Long 0 5 ,First,#,HRS2020B,EQINTER20,-1,-1" #</Process><Process ToolSource="c:\program files (x86)\arcgis\desktop10.8\ArcToolbox\Toolboxes\Data Management Tools.tbx\CalculateField" Date="20230806" Time="151304">CalculateField HRI2020 HRI2020 [HRS2020] VB #</Process><Process ToolSource="c:\program files (x86)\arcgis\desktop10.8\ArcToolbox\Toolboxes\Data Management Tools.tbx\CalculateField" Date="20230806" Time="151322">CalculateField HRI2020 RHRI2020 [RHRS20] VB #</Process><Process ToolSource="c:\program files (x86)\arcgis\desktop10.8\ArcToolbox\Toolboxes\Conversion Tools.tbx\FeatureClassToFeatureClass" Date="20230806" Time="151524">FeatureClassToFeatureClass "C:\Users\bcmit\Documents\NCRC\HOLC\2000 Boundaries\New File Geodatabase.gdb\HRI2020" "C:\Users\bcmit\Documents\NCRC\HOLC\2000 Boundaries\DATA\ICPSR_REDO" HRI2020.shp # "OBJECTID_1 "OBJECTID_1" true true false 4 Long 0 0 ,First,#,C:\Users\bcmit\Documents\NCRC\HOLC\2000 Boundaries\New File Geodatabase.gdb\HRI2020,OBJECTID_1,-1,-1;OBJECTID "OBJECTID" true true false 4 Long 0 0 ,First,#,C:\Users\bcmit\Documents\NCRC\HOLC\2000 Boundaries\New File Geodatabase.gdb\HRI2020,OBJECTID,-1,-1;GEOID20 "GEOID20" true true false 12 Text 0 0 ,First,#,C:\Users\bcmit\Documents\NCRC\HOLC\2000 Boundaries\New File Geodatabase.gdb\HRI2020,GEOID20,-1,-1;ALAND20 "ALAND20" true true false 8 Double 0 0 ,First,#,C:\Users\bcmit\Documents\NCRC\HOLC\2000 Boundaries\New File Geodatabase.gdb\HRI2020,ALAND20,-1,-1;AWATER20 "AWATER20" true true false 8 Double 0 0 ,First,#,C:\Users\bcmit\Documents\NCRC\HOLC\2000 Boundaries\New File Geodatabase.gdb\HRI2020,AWATER20,-1,-1;INTPTLAT20 "INTPTLAT20" true true false 11 Text 0 0 ,First,#,C:\Users\bcmit\Documents\NCRC\HOLC\2000 Boundaries\New File Geodatabase.gdb\HRI2020,INTPTLAT20,-1,-1;INTPTLON20 "INTPTLON20" true true false 12 Text 0 0 ,First,#,C:\Users\bcmit\Documents\NCRC\HOLC\2000 Boundaries\New File Geodatabase.gdb\HRI2020,INTPTLON20,-1,-1;CBSA10 "CBSA10" true true false 8 Double 0 0 ,First,#,C:\Users\bcmit\Documents\NCRC\HOLC\2000 Boundaries\New File Geodatabase.gdb\HRI2020,CBSA10,-1,-1;METRO_NAME "METRO_NAME" true true false 254 Text 0 0 ,First,#,C:\Users\bcmit\Documents\NCRC\HOLC\2000 Boundaries\New File Geodatabase.gdb\HRI2020,METRO_NAME,-1,-1;Shape_Leng "Shape_Leng" true true false 8 Double 0 0 ,First,#,C:\Users\bcmit\Documents\NCRC\HOLC\2000 Boundaries\New File Geodatabase.gdb\HRI2020,Shape_Leng,-1,-1;EQINTER20 "EQINTER20" true true false 4 Long 0 0 ,First,#,C:\Users\bcmit\Documents\NCRC\HOLC\2000 Boundaries\New File Geodatabase.gdb\HRI2020,EQINTER20,-1,-1;Shape_Le_1 "Shape_Le_1" false true true 8 Double 0 0 ,First,#,C:\Users\bcmit\Documents\NCRC\HOLC\2000 Boundaries\New File Geodatabase.gdb\HRI2020,Shape_Length,-1,-1;Shape_Area "Shape_Area" false true true 8 Double 0 0 ,First,#,C:\Users\bcmit\Documents\NCRC\HOLC\2000 Boundaries\New File Geodatabase.gdb\HRI2020,Shape_Area,-1,-1;HRI2020 "HRI2020" true true false 8 Double 0 0 ,First,#,C:\Users\bcmit\Documents\NCRC\HOLC\2000 Boundaries\New File Geodatabase.gdb\HRI2020,HRI2020,-1,-1;RHRI2020 "RHRI2020" true true false 8 Double 0 0 ,First,#,C:\Users\bcmit\Documents\NCRC\HOLC\2000 Boundaries\New File Geodatabase.gdb\HRI2020,RHRI2020,-1,-1" #</Process></lineage></DataProperties><SyncDate>20230806</SyncDate><SyncTime>15151900</SyncTime><ModDate>20230806</ModDate><ModTime>15151900</ModTime></Esri><dataIdInfo><envirDesc Sync="TRUE"> Version 6.2 (Build 9200) ; Esri ArcGIS 10.9.1.28388</envirDesc><dataLang><languageCode value="eng" Sync="TRUE"></languageCode><countryCode value="USA" Sync="TRUE"></countryCode></dataLang><idCitation><resTitle Sync="TRUE">HRI2020</resTitle><presForm><PresFormCd value="005" Sync="TRUE"></PresFormCd></presForm></idCitation><spatRpType><SpatRepTypCd value="001" Sync="TRUE"></SpatRepTypCd></spatRpType></dataIdInfo><mdLang><languageCode value="eng" Sync="TRUE"></languageCode><countryCode value="USA" Sync="TRUE"></countryCode></mdLang><distInfo><distFormat><formatName Sync="TRUE">Shapefile</formatName></distFormat><distTranOps><transSize Sync="TRUE">0.000</transSize></distTranOps></distInfo><mdHrLv><ScopeCd value="005" Sync="TRUE"></ScopeCd></mdHrLv><mdHrLvName Sync="TRUE">dataset</mdHrLvName><refSysInfo><RefSystem><refSysID><identCode code="4269" Sync="TRUE"></identCode><idCodeSpace Sync="TRUE">EPSG</idCodeSpace><idVersion Sync="TRUE">6.5(3.0.1)</idVersion></refSysID></RefSystem></refSysInfo><spatRepInfo><VectSpatRep><geometObjs Name="HRI2020"><geoObjTyp><GeoObjTypCd value="002" Sync="TRUE"></GeoObjTypCd></geoObjTyp><geoObjCnt Sync="TRUE">0</geoObjCnt></geometObjs><topLvl><TopoLevCd value="001" Sync="TRUE"></TopoLevCd></topLvl></VectSpatRep></spatRepInfo><spdoinfo><ptvctinf><esriterm Name="HRI2020"><efeatyp Sync="TRUE">Simple</efeatyp><efeageom code="4" Sync="TRUE"></efeageom><esritopo Sync="TRUE">FALSE</esritopo><efeacnt Sync="TRUE">0</efeacnt><spindex Sync="TRUE">FALSE</spindex><linrefer Sync="TRUE">FALSE</linrefer></esriterm></ptvctinf></spdoinfo><eainfo><detailed Name="HRI2020"><enttyp><enttypl Sync="TRUE">HRI2020</enttypl><enttypt Sync="TRUE">Feature Class</enttypt><enttypc Sync="TRUE">0</enttypc></enttyp><attr><attrlabl Sync="TRUE">FID</attrlabl><attalias Sync="TRUE">FID</attalias><attrtype Sync="TRUE">OID</attrtype><attwidth Sync="TRUE">4</attwidth><atprecis Sync="TRUE">0</atprecis><attscale Sync="TRUE">0</attscale><attrdef Sync="TRUE">Internal feature number.</attrdef><attrdefs Sync="TRUE">Esri</attrdefs><attrdomv><udom Sync="TRUE">Sequential unique whole numbers that are automatically generated.</udom></attrdomv></attr><attr><attrlabl Sync="TRUE">OBJECTID_1</attrlabl><attalias Sync="TRUE">OBJECTID_1</attalias><attrtype Sync="TRUE">Integer</attrtype><attwidth Sync="TRUE">10</attwidth><atprecis Sync="TRUE">10</atprecis><attscale Sync="TRUE">0</attscale><attrdef Sync="TRUE">Internal feature number.</attrdef><attrdefs Sync="TRUE">Esri</attrdefs><attrdomv><udom Sync="TRUE">Sequential unique whole numbers that are automatically generated.</udom></attrdomv></attr><attr><attrlabl Sync="TRUE">Shape</attrlabl><attalias Sync="TRUE">Shape</attalias><attrtype Sync="TRUE">Geometry</attrtype><attwidth Sync="TRUE">0</attwidth><atprecis Sync="TRUE">0</atprecis><attscale Sync="TRUE">0</attscale><attrdef Sync="TRUE">Feature geometry.</attrdef><attrdefs Sync="TRUE">Esri</attrdefs><attrdomv><udom Sync="TRUE">Coordinates defining the features.</udom></attrdomv></attr><attr><attrlabl Sync="TRUE">OBJECTID</attrlabl><attalias Sync="TRUE">OBJECTID</attalias><attrtype Sync="TRUE">Integer</attrtype><attwidth Sync="TRUE">10</attwidth><atprecis Sync="TRUE">10</atprecis><attscale Sync="TRUE">0</attscale></attr><attr><attrlabl Sync="TRUE">GEOID20</attrlabl><attalias Sync="TRUE">GEOID20</attalias><attrtype Sync="TRUE">String</attrtype><attwidth Sync="TRUE">12</attwidth><atprecis Sync="TRUE">0</atprecis><attscale Sync="TRUE">0</attscale></attr><attr><attrlabl Sync="TRUE">ALAND20</attrlabl><attalias Sync="TRUE">ALAND20</attalias><attrtype Sync="TRUE">Double</attrtype><attwidth Sync="TRUE">19</attwidth><atprecis Sync="TRUE">0</atprecis><attscale Sync="TRUE">0</attscale></attr><attr><attrlabl Sync="TRUE">AWATER20</attrlabl><attalias Sync="TRUE">AWATER20</attalias><attrtype Sync="TRUE">Double</attrtype><attwidth Sync="TRUE">19</attwidth><atprecis Sync="TRUE">0</atprecis><attscale Sync="TRUE">0</attscale></attr><attr><attrlabl Sync="TRUE">INTPTLAT20</attrlabl><attalias Sync="TRUE">INTPTLAT20</attalias><attrtype Sync="TRUE">String</attrtype><attwidth Sync="TRUE">11</attwidth><atprecis Sync="TRUE">0</atprecis><attscale Sync="TRUE">0</attscale></attr><attr><attrlabl Sync="TRUE">INTPTLON20</attrlabl><attalias Sync="TRUE">INTPTLON20</attalias><attrtype Sync="TRUE">String</attrtype><attwidth Sync="TRUE">12</attwidth><atprecis Sync="TRUE">0</atprecis><attscale Sync="TRUE">0</attscale></attr><attr><attrlabl Sync="TRUE">CBSA10</attrlabl><attalias Sync="TRUE">CBSA10</attalias><attrtype Sync="TRUE">Double</attrtype><attwidth Sync="TRUE">19</attwidth><atprecis Sync="TRUE">0</atprecis><attscale Sync="TRUE">0</attscale></attr><attr><attrlabl Sync="TRUE">METRO_NAME</attrlabl><attalias Sync="TRUE">METRO_NAME</attalias><attrtype Sync="TRUE">String</attrtype><attwidth Sync="TRUE">254</attwidth><atprecis Sync="TRUE">0</atprecis><attscale Sync="TRUE">0</attscale></attr><attr><attrlabl Sync="TRUE">Shape_Leng</attrlabl><attalias Sync="TRUE">Shape_Leng</attalias><attrtype Sync="TRUE">Double</attrtype><attwidth Sync="TRUE">19</attwidth><atprecis Sync="TRUE">0</atprecis><attscale Sync="TRUE">0</attscale></attr><attr><attrlabl Sync="TRUE">EQINTER20</attrlabl><attalias Sync="TRUE">EQINTER20</attalias><attrtype Sync="TRUE">Integer</attrtype><attwidth Sync="TRUE">10</attwidth><atprecis Sync="TRUE">10</atprecis><attscale Sync="TRUE">0</attscale></attr><attr><attrlabl Sync="TRUE">Shape_Le_1</attrlabl><attalias Sync="TRUE">Shape_Le_1</attalias><attrtype Sync="TRUE">Double</attrtype><attwidth Sync="TRUE">19</attwidth><atprecis Sync="TRUE">0</atprecis><attscale Sync="TRUE">0</attscale></attr><attr><attrlabl Sync="TRUE">Shape_Area</attrlabl><attalias Sync="TRUE">Shape_Area</attalias><attrtype Sync="TRUE">Double</attrtype><attwidth Sync="TRUE">19</attwidth><atprecis Sync="TRUE">0</atprecis><attscale Sync="TRUE">0</attscale><attrdef Sync="TRUE">Area of feature in internal units squared.</attrdef><attrdefs Sync="TRUE">Esri</attrdefs><attrdomv><udom Sync="TRUE">Positive real numbers that are automatically generated.</udom></attrdomv></attr><attr><attrlabl Sync="TRUE">HRI2020</attrlabl><attalias Sync="TRUE">HRI2020</attalias><attrtype Sync="TRUE">Double</attrtype><attwidth Sync="TRUE">19</attwidth><atprecis Sync="TRUE">0</atprecis><attscale Sync="TRUE">0</attscale></attr><attr><attrlabl Sync="TRUE">RHRI2020</attrlabl><attalias Sync="TRUE">RHRI2020</attalias><attrtype Sync="TRUE">Double</attrtype><attwidth Sync="TRUE">19</attwidth><atprecis Sync="TRUE">0</atprecis><attscale Sync="TRUE">0</attscale></attr></detailed></eainfo><mdDateSt Sync="TRUE">20230806</mdDateSt></metadata>
